Workbook

Sheet Data Residual
A1: Obs | B1: Residual (eₜ) | C1: eₜ²
A2: 29 | B2: 33.7373 | C2: =B2^2 -> 1138.2054
A3: 30 | B3: 4.3311 | C3: =B3^2 -> 18.758427
A4: 31 | B4: 148.1852 | C4: =B4^2 -> 21958.853
A5: 32 | B5: -29.552 | C5: =B5^2 -> 873.3207
A6: 33 | B6: -122.8664 | C6: =B6^2 -> 15096.152
A7: 34 | B7: -66.2055 | C7: =B7^2 -> 4383.1682
A8: 35 | B8: -150.8538 | C8: =B8^2 -> 22756.869
A9: 36 | B9: 24.801 | C9: =B9^2 -> 615.0896
A10: 37 | B10: -68.0828 | C10: =B10^2 -> 4635.2677
A11: 38 | B11: -79.7531 | C11: =B11^2 -> 6360.557
A12: 39 | B12: 23.0951 | C12: =B12^2 -> 533.38364
A13: 40 | B13: 42.0103 | C13: =B13^2 -> 1764.8653
... A53: 80 | B53: -16.8045 | C53: =B53^2 -> 282.39122
A55: n (jumlah observasi) | C55: 52
A56: k (jumlah parameter) | C56: 6
A57: SSE = Σ eₜ² | C57: =SUM(C2:C53) -> 220554.6
A58: σ̂² = SSE / n | C58: =C57/C55 -> 4241.4346
A59: ln(σ̂²) = LN(σ̂²) | C59: =LN(C58) -> 8.3526568
A60: ln(2π) = LN(2×PI()) | C60: =LN(2*PI()) -> 1.8378771
A61: n · ln(σ̂²) | C61: =C55*C59 -> 434.33816
A62: n · ln(2π) | C62: =C55*C60 -> 95.569607
A63: 2k | C63: =2*C56 -> 12
A64: AIC = n·ln(σ̂²) + n·ln(2π) + n + 2k | C64: =C61+C62+C55+C63 -> 593.90776

Sheet Langkah Manual
A1: Step | B1: Keterangan | C1: Formula Excel | D1: Hasil
A2: 1 | B2: Jumlah observasi (n) | C2: COUNTA(B2:B53) [obs 29-80] | D2: ='Data Residual'!C55 -> 52
A3: 2 | B3: Jumlah parameter (k) | C3: 6 (MU, MA1,1, NUM1, NUM1,1, NUM1,2, NUM2) | D3: ='Data Residual'!C56 -> 6
A4: 3 | B4: SSE = Σ eₜ² | C4: SUM(C2:C53) | D4: ='Data Residual'!C57 -> 220554.6
A5: 4 | B5: σ̂² = SSE / n | C5: SSE / n | D5: ='Data Residual'!C58 -> 4241.4346
A6: 5 | B6: ln(σ̂²) | C6: LN(sigma^2) | D6: ='Data Residual'!C59 -> 8.3526568
A7: 6 | B7: ln(2π) | C7: LN(2 x PI()) | D7: ='Data Residual'!C60 -> 1.8378771
A8: 7 | B8: n · ln(σ̂²) | C8: n x ln(sigma^2) | D8: ='Data Residual'!C61 -> 434.33816
A9: 8 | B9: n · ln(2π) | C9: n x ln(2pi) | D9: ='Data Residual'!C62 -> 95.569607
A10: 9 | B10: 2k | C10: 2 x k | D10: ='Data Residual'!C63 -> 12
A11: 10 | B11: AIC = n·ln(σ̂²)+n·ln(2π)+n+2k | C11: n*ln(sigma^2) + n*ln(2pi) + n + 2k | D11: ='Data Residual'!C64 -> 593.90776
