Workbook

Sheet Data
A1: t | B1: Xₜ* | C1: Xₜ₋₁* | D1: Xₜ₋₂* | E1: (Xₜ₋₁*)² | F1: (Xₜ₋₂*)² | G1: Xₜ*·Xₜ₋₁* | H1: Xₜ*·Xₜ₋₂* | I1: Xₜ₋₁*·Xₜ₋₂*
A2: 1 | B2: 49
A3: 2 | B3: 63.4 | C3: =B2 -> 49 | E3: =C3^2 -> 2401 | G3: =B3*C3 -> 3106.6
A4: 3 | B4: 23.2 | C4: =B3 -> 63.4 | D4: =B2 -> 49 | E4: =C4^2 -> 4019.56 | F4: =D4^2 -> 2401 | G4: =B4*C4 -> 1470.88 | H4: =B4*D4 -> 1136.8 | I4: =C4*D4 -> 3106.6
A5: 4 | B5: 56.5 | C5: =B4 -> 23.2 | D5: =B3 -> 63.4 | E5: =C5^2 -> 538.24 | F5: =D5^2 -> 4019.56 | G5: =B5*C5 -> 1310.8 | H5: =B5*D5 -> 3582.1 | I5: =C5*D5 -> 1470.88
A6: 5 | B6: 44.8 | C6: =B5 -> 56.5 | D6: =B4 -> 23.2 | E6: =C6^2 -> 3192.25 | F6: =D6^2 -> 538.24 | G6: =B6*C6 -> 2531.2 | H6: =B6*D6 -> 1039.36 | I6: =C6*D6 -> 1310.8
A7: 6 | B7: 37.4 | C7: =B6 -> 44.8 | D7: =B5 -> 56.5 | E7: =C7^2 -> 2007.04 | F7: =D7^2 -> 3192.25 | G7: =B7*C7 -> 1675.52 | H7: =B7*D7 -> 2113.1 | I7: =C7*D7 -> 2531.2
A8: 7 | B8: 48.6 | C8: =B7 -> 37.4 | D8: =B6 -> 44.8 | E8: =C8^2 -> 1398.76 | F8: =D8^2 -> 2007.04 | G8: =B8*C8 -> 1817.64 | H8: =B8*D8 -> 2177.28 | I8: =C8*D8 -> 1675.52
A9: 8 | B9: 22.3 | C9: =B8 -> 48.6 | D9: =B7 -> 37.4 | E9: =C9^2 -> 2361.96 | F9: =D9^2 -> 1398.76 | G9: =B9*C9 -> 1083.78 | H9: =B9*D9 -> 834.02 | I9: =C9*D9 -> 1817.64
A10: 9 | B10: 11.1 | C10: =B9 -> 22.3 | D10: =B8 -> 48.6 | E10: =C10^2 -> 497.29 | F10: =D10^2 -> 2361.96 | G10: =B10*C10 -> 247.53 | H10: =B10*D10 -> 539.46 | I10: =C10*D10 -> 1083.78
A11: 10 | B11: 26.2 | C11: =B10 -> 11.1 | D11: =B9 -> 22.3 | E11: =C11^2 -> 123.21 | F11: =D11^2 -> 497.29 | G11: =B11*C11 -> 290.82 | H11: =B11*D11 -> 584.26 | I11: =C11*D11 -> 247.53
A12: 11 | B12: 104 | C12: =B11 -> 26.2 | D12: =B10 -> 11.1 | E12: =C12^2 -> 686.44 | F12: =D12^2 -> 123.21 | G12: =B12*C12 -> 2724.8 | H12: =B12*D12 -> 1154.4 | I12: =C12*D12 -> 290.82
A13: 12 | B13: 72.9 | C13: =B12 -> 104 | D13: =B11 -> 26.2 | E13: =C13^2 -> 10816 | F13: =D13^2 -> 686.44 | G13: =B13*C13 -> 7581.6 | H13: =B13*D13 -> 1909.98 | I13: =C13*D13 -> 2724.8
A14: 13 | B14: 46.6 | C14: =B13 -> 72.9 | D14: =B12 -> 104 | E14: =C14^2 -> 5314.41 | F14: =D14^2 -> 10816 | G14: =B14*C14 -> 3397.14 | H14: =B14*D14 -> 4846.4 | I14: =C14*D14 -> 7581.6
A15: 14 | B15: 51.2 | C15: =B14 -> 46.6 | D15: =B13 -> 72.9 | E15: =C15^2 -> 2171.56 | F15: =D15^2 -> 5314.41 | G15: =B15*C15 -> 2385.92 | H15: =B15*D15 -> 3732.48 | I15: =C15*D15 -> 3397.14
... A80: 79 | B80: 91.4 | C80: =B79 -> 26.7 | D80: =B78 -> 47.8 | E80: =C80^2 -> 712.89 | F80: =D80^2 -> 2284.84 | G80: =B80*C80 -> 2440.38 | H80: =B80*D80 -> 4368.92 | I80: =C80*D80 -> 1276.26
A82: Σ (t=4 s.d. n) | C82: =SUM(C5:C80) -> 7081.7 | D82: =SUM(D5:D80) -> 7118.4 | E82: =SUM(E5:E80) -> 3218860 | F82: =SUM(F5:F80) -> 3222166.7 | G82: =SUM(G5:G80) -> 2575756.9 | H82: =SUM(H5:H80) -> 1731722 | I82: =SUM(I5:I80) -> 2574787.4

Sheet Hitung phi2
A1: Perhitungan φ̂₂ (Yule-Walker / OLS 2 variabel)
A3: Komponen | B3: Formula Excel | C3: Nilai
A4: Σ(Xₜ₋₁*)² | B4: =Data!E82 -> 3218860 | C4: =Data!E82 -> 3218860
A5: Σ(Xₜ₋₂*)² | B5: =Data!F82 -> 3222166.7 | C5: =Data!F82 -> 3222166.7
A6: Σ Xₜ*·Xₜ₋₁* | B6: =Data!G82 -> 2575756.9 | C6: =Data!G82 -> 2575756.9
A7: Σ Xₜ*·Xₜ₋₂* | B7: =Data!H82 -> 1731722 | C7: =Data!H82 -> 1731722
A8: Σ Xₜ₋₁*·Xₜ₋₂* | B8: =Data!I82 -> 2574787.4 | C8: =Data!I82 -> 2574787.4
A9: — Komponen Pembilang (Numerator) —
A10: Σ(Xₜ₋₁*)² × Σ Xₜ*Xₜ₋₂* [Bagian 1a] | B10: =C4*C7 -> 5.5741707e+12 | C10: =C4*C7 -> 5.5741707e+12
A11: Σ Xₜ₋₁*Xₜ₋₂* × Σ Xₜ*Xₜ₋₁* [Bagian 1b] | B11: =C8*C6 -> 6.6320266e+12 | C11: =C8*C6 -> 6.6320266e+12
A12: Pembilang = Bagian 1a − Bagian 1b | B12: =C10-C11 -> -1.0578559e+12 | C12: =C10-C11 -> -1.0578559e+12
A13: — Komponen Penyebut (Denominator) —
A14: Σ(Xₜ₋₁*)² × Σ(Xₜ₋₂*)² [Bagian 2a] | B14: =C4*C5 -> 1.0371703e+13 | C14: =C4*C5 -> 1.0371703e+13
A15: (Σ Xₜ₋₁*Xₜ₋₂*)² [Bagian 2b] | B15: =C8^2 -> 6.6295304e+12 | C15: =C8^2 -> 6.6295304e+12
A16: Penyebut = Bagian 2a − Bagian 2b | B16: =C14-C15 -> 3.7421731e+12 | C16: =C14-C15 -> 3.7421731e+12
A17: — Hasil Akhir —
A18: φ̂₂ = Pembilang / Penyebut | B18: =C12/C16 -> -0.28268492 | C18: =C12/C16 -> -0.28268492
A20: Catatan: rumus sesuai formula φ̂₂ Yule-Walker 2 variabel, Σ dari t=4 s.d. n
