Workbook

Sheet Data Asli
A1: OBS | B1: M2SL | C1: SP | D1: EMAS
A2: 2018-01-01 | B2: 13900.3 | C2: 2823.81 | D2: 1344.7
A3: 2018-02-01 | B3: 13949.3 | C3: 2713.83 | D3: 1317.66
A4: 2018-03-01 | B4: 14012.7 | C4: 2640.87 | D4: 1324
A5: 2018-04-01 | B5: 14035.9 | C5: 2648.05 | D5: 1314.95
A6: 2018-05-01 | B6: 14092.4 | C6: 2705.27 | D6: 1297.92
A7: 2018-06-01 | B7: 14137.2 | C7: 2718.37 | D7: 1252.25
A8: 2018-07-01 | B8: 14174.6 | C8: 2816.29 | D8: 1223.41
A9: 2018-08-01 | B9: 14223.2 | C9: 2901.52 | D9: 1200.71
A10: 2018-09-01 | B10: 14245.5 | C10: 2913.98 | D10: 1191.69
A11: 2018-10-01 | B11: 14256.6 | C11: 2711.74 | D11: 1214.14
A12: 2018-11-01 | B12: 14282.8 | C12: 2760.17 | D12: 1221.88
A13: 2018-12-01 | B13: 14386.8 | C13: 2506.85 | D13: 1282.73
... A99: 2026-02-01 | B99: 22667.3 | C99: 6878.88 | D99: 5277.9

Sheet Fitted Value In-Sample
A1: KOEFISIEN MODEL
B2: c1 | C2: c2 | D2: c3 | E2: c4 | F2: c5
B3: -0.165 | C3: 0.18432 | D3: -0.22046 | E3: 0.13989 | F3: 0.35556
A5: t | B5: OBS | C5: dM2SL(t-25) =M2SL[t-25]-M2SL[t-26] | D5: dM2SL(t-26) =M2SL[t-26]-M2SL[t-27] | E5: dM2SL(t-27) =M2SL[t-27]-M2SL[t-28] | F5: dSP(t-12) =SP[t-12]-SP[t-13] | G5: at-5 (residual t-5) | H5: c1 x dM2SL(t-25) | I5: c2 x dM2SL(t-26) | J5: c3 x dM2SL(t-27) | K5: c4 x dSP(t-12) | L5: c5 x at-5 | M5: Y* Fitted (diff) | N5: EMAS(t-1) | O5: Fitted Level | P5: EMAS Aktual | Q5: Residual (at)
A6: 29 | B6: ='Data Asli'!A30 -> 2020-05-01 | C6: ='Data Asli'!B5-'Data Asli'!B4 -> 23.2 | D6: ='Data Asli'!B4-'Data Asli'!B3 -> 63.4 | E6: ='Data Asli'!B3-'Data Asli'!B2 -> 49 | F6: ='Data Asli'!C18-'Data Asli'!C17 -> -193.77 | G6: 0 | H6: =$B$3*C6 -> -3.828 | I6: =$C$3*D6 -> 11.685888 | J6: =$D$3*E6 -> -10.80254 | K6: =$E$3*F6 -> -27.106485 | L6: =$F$3*G6 -> 0 | M6: =H6+I6+J6+K6+L6 -> -30.051137 | N6: ='Data Asli'!D29 -> 1680.09 | O6: =M6+N6 -> 1650.0389 | P6: ='Data Asli'!D30 -> 1726.3 | Q6: =(P6-N6)-M6 -> 76.261137
A7: 30 | B7: ='Data Asli'!A31 -> 2020-06-01 | C7: ='Data Asli'!B6-'Data Asli'!B5 -> 56.5 | D7: ='Data Asli'!B5-'Data Asli'!B4 -> 23.2 | E7: ='Data Asli'!B4-'Data Asli'!B3 -> 63.4 | F7: ='Data Asli'!C19-'Data Asli'!C18 -> 189.7 | G7: 0 | H7: =$B$3*C7 -> -9.3225 | I7: =$C$3*D7 -> 4.276224 | J7: =$D$3*E7 -> -13.977164 | K7: =$E$3*F7 -> 26.537133 | L7: =$F$3*G7 -> 0 | M7: =H7+I7+J7+K7+L7 -> 7.513693 | N7: ='Data Asli'!D30 -> 1726.3 | O7: =M7+N7 -> 1733.8137 | P7: ='Data Asli'!D31 -> 1780.67 | Q7: =(P7-N7)-M7 -> 46.856307
A8: 31 | B8: ='Data Asli'!A32 -> 2020-07-01 | C8: ='Data Asli'!B7-'Data Asli'!B6 -> 44.8 | D8: ='Data Asli'!B6-'Data Asli'!B5 -> 56.5 | E8: ='Data Asli'!B5-'Data Asli'!B4 -> 23.2 | F8: ='Data Asli'!C20-'Data Asli'!C19 -> 38.62 | G8: 0 | H8: =$B$3*C8 -> -7.392 | I8: =$C$3*D8 -> 10.41408 | J8: =$D$3*E8 -> -5.114672 | K8: =$E$3*F8 -> 5.4025518 | L8: =$F$3*G8 -> 0 | M8: =H8+I8+J8+K8+L8 -> 3.3099598 | N8: ='Data Asli'!D31 -> 1780.67 | O8: =M8+N8 -> 1783.98 | P8: ='Data Asli'!D32 -> 1974.69 | Q8: =(P8-N8)-M8 -> 190.71004
A9: 32 | B9: ='Data Asli'!A33 -> 2020-08-01 | C9: ='Data Asli'!B8-'Data Asli'!B7 -> 37.4 | D9: ='Data Asli'!B7-'Data Asli'!B6 -> 44.8 | E9: ='Data Asli'!B6-'Data Asli'!B5 -> 56.5 | F9: ='Data Asli'!C21-'Data Asli'!C20 -> -53.92 | G9: 0 | H9: =$B$3*C9 -> -6.171 | I9: =$C$3*D9 -> 8.257536 | J9: =$D$3*E9 -> -12.45599 | K9: =$E$3*F9 -> -7.5428688 | L9: =$F$3*G9 -> 0 | M9: =H9+I9+J9+K9+L9 -> -17.912323 | N9: ='Data Asli'!D32 -> 1974.69 | O9: =M9+N9 -> 1956.7777 | P9: ='Data Asli'!D33 -> 1969.75 | Q9: =(P9-N9)-M9 -> 12.972323
A10: 33 | B10: ='Data Asli'!A34 -> 2020-09-01 | C10: ='Data Asli'!B9-'Data Asli'!B8 -> 48.6 | D10: ='Data Asli'!B8-'Data Asli'!B7 -> 37.4 | E10: ='Data Asli'!B7-'Data Asli'!B6 -> 44.8 | F10: ='Data Asli'!C22-'Data Asli'!C21 -> 50.28 | G10: 0 | H10: =$B$3*C10 -> -8.019 | I10: =$C$3*D10 -> 6.893568 | J10: =$D$3*E10 -> -9.876608 | K10: =$E$3*F10 -> 7.0336692 | L10: =$F$3*G10 -> 0 | M10: =H10+I10+J10+K10+L10 -> -3.9683708 | N10: ='Data Asli'!D33 -> 1969.75 | O10: =M10+N10 -> 1965.7816 | P10: ='Data Asli'!D34 -> 1885.44 | Q10: =(P10-N10)-M10 -> -80.341629
A11: 34 | B11: ='Data Asli'!A35 -> 2020-10-01 | C11: ='Data Asli'!B10-'Data Asli'!B9 -> 22.3 | D11: ='Data Asli'!B9-'Data Asli'!B8 -> 48.6 | E11: ='Data Asli'!B8-'Data Asli'!B7 -> 37.4 | F11: ='Data Asli'!C23-'Data Asli'!C22 -> 60.82 | G11: =Q6 -> 76.261137 | H11: =$B$3*C11 -> -3.6795 | I11: =$C$3*D11 -> 8.957952 | J11: =$D$3*E11 -> -8.245204 | K11: =$E$3*F11 -> 8.5081098 | L11: =$F$3*G11 -> 27.11541 | M11: =H11+I11+J11+K11+L11 -> 32.656768 | N11: ='Data Asli'!D34 -> 1885.44 | O11: =M11+N11 -> 1918.0968 | P11: ='Data Asli'!D35 -> 1877.95 | Q11: =(P11-N11)-M11 -> -40.146768
A12: 35 | B12: ='Data Asli'!A36 -> 2020-11-01 | C12: ='Data Asli'!B11-'Data Asli'!B10 -> 11.1 | D12: ='Data Asli'!B10-'Data Asli'!B9 -> 22.3 | E12: ='Data Asli'!B9-'Data Asli'!B8 -> 48.6 | F12: ='Data Asli'!C24-'Data Asli'!C23 -> 103.42 | G12: =Q7 -> 46.856307 | H12: =$B$3*C12 -> -1.8315 | I12: =$C$3*D12 -> 4.110336 | J12: =$D$3*E12 -> -10.714356 | K12: =$E$3*F12 -> 14.467424 | L12: =$F$3*G12 -> 16.660229 | M12: =H12+I12+J12+K12+L12 -> 22.692132 | N12: ='Data Asli'!D35 -> 1877.95 | O12: =M12+N12 -> 1900.6421 | P12: ='Data Asli'!D36 -> 1777.02 | Q12: =(P12-N12)-M12 -> -123.62213
A13: 36 | B13: ='Data Asli'!A37 -> 2020-12-01 | C13: ='Data Asli'!B12-'Data Asli'!B11 -> 26.2 | D13: ='Data Asli'!B11-'Data Asli'!B10 -> 11.1 | E13: ='Data Asli'!B10-'Data Asli'!B9 -> 22.3 | F13: ='Data Asli'!C25-'Data Asli'!C24 -> 89.8 | G13: =Q8 -> 190.71004 | H13: =$B$3*C13 -> -4.323 | I13: =$C$3*D13 -> 2.045952 | J13: =$D$3*E13 -> -4.916258 | K13: =$E$3*F13 -> 12.562122 | L13: =$F$3*G13 -> 67.808862 | M13: =H13+I13+J13+K13+L13 -> 73.177678 | N13: ='Data Asli'!D36 -> 1777.02 | O13: =M13+N13 -> 1850.1977 | P13: ='Data Asli'!D37 -> 1896.49 | Q13: =(P13-N13)-M13 -> 46.292322
A14: 37 | B14: ='Data Asli'!A38 -> 2021-01-01 | C14: ='Data Asli'!B13-'Data Asli'!B12 -> 104 | D14: ='Data Asli'!B12-'Data Asli'!B11 -> 26.2 | E14: ='Data Asli'!B11-'Data Asli'!B10 -> 11.1 | F14: ='Data Asli'!C26-'Data Asli'!C25 -> -5.26 | G14: =Q9 -> 12.972323 | H14: =$B$3*C14 -> -17.16 | I14: =$C$3*D14 -> 4.829184 | J14: =$D$3*E14 -> -2.447106 | K14: =$E$3*F14 -> -0.7358214 | L14: =$F$3*G14 -> 4.6124391 | M14: =H14+I14+J14+K14+L14 -> -10.901304 | N14: ='Data Asli'!D37 -> 1896.49 | O14: =M14+N14 -> 1885.5887 | P14: ='Data Asli'!D38 -> 1846.09 | Q14: =(P14-N14)-M14 -> -39.498696
A15: 38 | B15: ='Data Asli'!A39 -> 2021-02-01 | C15: ='Data Asli'!B14-'Data Asli'!B13 -> 72.9 | D15: ='Data Asli'!B13-'Data Asli'!B12 -> 104 | E15: ='Data Asli'!B12-'Data Asli'!B11 -> 26.2 | F15: ='Data Asli'!C27-'Data Asli'!C26 -> -271.3 | G15: =Q10 -> -80.341629 | H15: =$B$3*C15 -> -12.0285 | I15: =$C$3*D15 -> 19.16928 | J15: =$D$3*E15 -> -5.776052 | K15: =$E$3*F15 -> -37.952157 | L15: =$F$3*G15 -> -28.56627 | M15: =H15+I15+J15+K15+L15 -> -65.153699 | N15: ='Data Asli'!D38 -> 1846.09 | O15: =M15+N15 -> 1780.9363 | P15: ='Data Asli'!D39 -> 1733.49 | Q15: =(P15-N15)-M15 -> -47.446301
A16: 39 | B16: ='Data Asli'!A40 -> 2021-03-01 | C16: ='Data Asli'!B15-'Data Asli'!B14 -> 46.6 | D16: ='Data Asli'!B14-'Data Asli'!B13 -> 72.9 | E16: ='Data Asli'!B13-'Data Asli'!B12 -> 104 | F16: ='Data Asli'!C28-'Data Asli'!C27 -> -369.63 | G16: =Q11 -> -40.146768 | H16: =$B$3*C16 -> -7.689 | I16: =$C$3*D16 -> 13.436928 | J16: =$D$3*E16 -> -22.92784 | K16: =$E$3*F16 -> -51.707541 | L16: =$F$3*G16 -> -14.274585 | M16: =H16+I16+J16+K16+L16 -> -83.162037 | N16: ='Data Asli'!D39 -> 1733.49 | O16: =M16+N16 -> 1650.328 | P16: ='Data Asli'!D40 -> 1707.01 | Q16: =(P16-N16)-M16 -> 56.682037
A17: 40 | B17: ='Data Asli'!A41 -> 2021-04-01 | C17: ='Data Asli'!B16-'Data Asli'!B15 -> 51.2 | D17: ='Data Asli'!B15-'Data Asli'!B14 -> 46.6 | E17: ='Data Asli'!B14-'Data Asli'!B13 -> 72.9 | F17: ='Data Asli'!C29-'Data Asli'!C28 -> 327.84 | G17: =Q12 -> -123.62213 | H17: =$B$3*C17 -> -8.448 | I17: =$C$3*D17 -> 8.589312 | J17: =$D$3*E17 -> -16.071534 | K17: =$E$3*F17 -> 45.861538 | L17: =$F$3*G17 -> -43.955085 | M17: =H17+I17+J17+K17+L17 -> -14.02377 | N17: ='Data Asli'!D40 -> 1707.01 | O17: =M17+N17 -> 1692.9862 | P17: ='Data Asli'!D41 -> 1768.59 | Q17: =(P17-N17)-M17 -> 75.60377
A18: 41 | B18: ='Data Asli'!A42 -> 2021-05-01 | C18: ='Data Asli'!B17-'Data Asli'!B16 -> 37.2 | D18: ='Data Asli'!B16-'Data Asli'!B15 -> 51.2 | E18: ='Data Asli'!B15-'Data Asli'!B14 -> 46.6 | F18: ='Data Asli'!C30-'Data Asli'!C29 -> 131.88 | G18: =Q13 -> 46.292322 | H18: =$B$3*C18 -> -6.138 | I18: =$C$3*D18 -> 9.437184 | J18: =$D$3*E18 -> -10.273436 | K18: =$E$3*F18 -> 18.448693 | L18: =$F$3*G18 -> 16.459698 | M18: =H18+I18+J18+K18+L18 -> 27.934139 | N18: ='Data Asli'!D41 -> 1768.59 | O18: =M18+N18 -> 1796.5241 | P18: ='Data Asli'!D42 -> 1906.36 | Q18: =(P18-N18)-M18 -> 109.83586
A19: 42 | B19: ='Data Asli'!A43 -> 2021-06-01 | C19: ='Data Asli'!B18-'Data Asli'!B17 -> 109.7 | D19: ='Data Asli'!B17-'Data Asli'!B16 -> 37.2 | E19: ='Data Asli'!B16-'Data Asli'!B15 -> 51.2 | F19: ='Data Asli'!C31-'Data Asli'!C30 -> 55.98 | G19: =Q14 -> -39.498696 | H19: =$B$3*C19 -> -18.1005 | I19: =$C$3*D19 -> 6.856704 | J19: =$D$3*E19 -> -11.287552 | K19: =$E$3*F19 -> 7.8310422 | L19: =$F$3*G19 -> -14.044156 | M19: =H19+I19+J19+K19+L19 -> -28.744462 | N19: ='Data Asli'!D42 -> 1906.36 | O19: =M19+N19 -> 1877.6155 | P19: ='Data Asli'!D43 -> 1769.8 | Q19: =(P19-N19)-M19 -> -107.81554
A20: 43 | B20: ='Data Asli'!A44 -> 2021-07-01 | C20: ='Data Asli'!B19-'Data Asli'!B18 -> 98.4 | D20: ='Data Asli'!B18-'Data Asli'!B17 -> 109.7 | E20: ='Data Asli'!B17-'Data Asli'!B16 -> 37.2 | F20: ='Data Asli'!C32-'Data Asli'!C31 -> 170.83 | G20: =Q15 -> -47.446301 | H20: =$B$3*C20 -> -16.236 | I20: =$C$3*D20 -> 20.219904 | J20: =$D$3*E20 -> -8.201112 | K20: =$E$3*F20 -> 23.897409 | L20: =$F$3*G20 -> -16.870007 | M20: =H20+I20+J20+K20+L20 -> 2.8101938 | N20: ='Data Asli'!D43 -> 1769.8 | O20: =M20+N20 -> 1772.6102 | P20: ='Data Asli'!D44 -> 1813.58 | Q20: =(P20-N20)-M20 -> 40.969806
A21: 44 | B21: ='Data Asli'!A45 -> 2021-08-01 | C21: ='Data Asli'!B20-'Data Asli'!B19 -> 84 | D21: ='Data Asli'!B19-'Data Asli'!B18 -> 98.4 | E21: ='Data Asli'!B18-'Data Asli'!B17 -> 109.7 | F21: ='Data Asli'!C33-'Data Asli'!C32 -> 229.19 | G21: =Q16 -> 56.682037 | H21: =$B$3*C21 -> -13.86 | I21: =$C$3*D21 -> 18.137088 | J21: =$D$3*E21 -> -24.184462 | K21: =$E$3*F21 -> 32.061389 | L21: =$F$3*G21 -> 20.153865 | M21: =H21+I21+J21+K21+L21 -> 32.30788 | N21: ='Data Asli'!D44 -> 1813.58 | O21: =M21+N21 -> 1845.8879 | P21: ='Data Asli'!D45 -> 1813.43 | Q21: =(P21-N21)-M21 -> -32.45788
A22: 45 | B22: ='Data Asli'!A46 -> 2021-09-01 | C22: ='Data Asli'!B21-'Data Asli'!B20 -> 87.6 | D22: ='Data Asli'!B20-'Data Asli'!B19 -> 84 | E22: ='Data Asli'!B19-'Data Asli'!B18 -> 98.4 | F22: ='Data Asli'!C34-'Data Asli'!C33 -> -137.31 | G22: =Q17 -> 75.60377 | H22: =$B$3*C22 -> -14.454 | I22: =$C$3*D22 -> 15.48288 | J22: =$D$3*E22 -> -21.693264 | K22: =$E$3*F22 -> -19.208296 | L22: =$F$3*G22 -> 26.881676 | M22: =H22+I22+J22+K22+L22 -> -12.991004 | N22: ='Data Asli'!D45 -> 1813.43 | O22: =M22+N22 -> 1800.439 | P22: ='Data Asli'!D46 -> 1756.66 | Q22: =(P22-N22)-M22 -> -43.778996
... A75: 98 | B75: ='Data Asli'!A99 -> 2026-02-01 | C75: ='Data Asli'!B74-'Data Asli'!B73 -> 65.9 | D75: ='Data Asli'!B73-'Data Asli'!B72 -> 31.4 | E75: ='Data Asli'!B72-'Data Asli'!B71 -> 13.5 | F75: ='Data Asli'!C87-'Data Asli'!C86 -> -86.03 | G75: =Q70 -> 316.48551 | H75: =$B$3*C75 -> -10.8735 | I75: =$C$3*D75 -> 5.787648 | J75: =$D$3*E75 -> -2.97621 | K75: =$E$3*F75 -> -12.034737 | L75: =$F$3*G75 -> 112.52959 | M75: =H75+I75+J75+K75+L75 -> 92.432788 | N75: ='Data Asli'!D98 -> 4865.35 | O75: =M75+N75 -> 4957.7828 | P75: ='Data Asli'!D99 -> 5277.9 | Q75: =(P75-N75)-M75 -> 320.11721

Sheet Forecast Out-Sample
A1: KOEFISIEN MODEL
B2: c1 | C2: c2 | D2: c3 | E2: c4 | F2: c5
B3: -0.165 | C3: 0.18432 | D3: -0.22046 | E3: 0.13989 | F3: 0.35556
A4: Catatan: at-5 = residual aktual in-sample jika t-5 ≤ 98, else = 0 (out-sample)
A6: t | B6: OBS | C6: M2SL[t-25] | D6: M2SL[t-26] | E6: dM2SL(t-25) =M2SL[t-25]-M2SL[t-26] | F6: M2SL[t-26] | G6: M2SL[t-27] | H6: dM2SL(t-26) =M2SL[t-26]-M2SL[t-27] | I6: M2SL[t-27] | J6: M2SL[t-28] | K6: dM2SL(t-27) =M2SL[t-27]-M2SL[t-28] | L6: SP[t-12] | M6: SP[t-13] | N6: dSP(t-12) =SP[t-12]-SP[t-13] | O6: at-5 | P6: c1 x dM2SL(t-25) | Q6: c2 x dM2SL(t-26) | R6: c3 x dM2SL(t-27) | S6: c4 x dSP(t-12) | T6: c5 x at-5 | U6: Y* Forecast (diff) | V6: EMAS(t-1) | W6: Forecast Level
A7: 99 | B7: 2026-03-01 | C7: ='Data Asli'!B75 -> 20926.9 | D7: ='Data Asli'!B74 -> 20843.7 | E7: =C7-D7 -> 83.2 | F7: ='Data Asli'!B74 -> 20843.7 | G7: ='Data Asli'!B73 -> 20777.8 | H7: =F7-G7 -> 65.9 | I7: ='Data Asli'!B73 -> 20777.8 | J7: ='Data Asli'!B72 -> 20746.4 | K7: =I7-J7 -> 31.4 | L7: ='Data Asli'!C88 -> 5611.85 | M7: ='Data Asli'!C87 -> 5954.5 | N7: =L7-M7 -> -342.65 | O7: ='Fitted Value In-Sample'!Q71 -> 140.99039 | P7: =$B$3*E7 -> -13.728 | Q7: =$C$3*H7 -> 12.146688 | R7: =$D$3*K7 -> -6.922444 | S7: =$E$3*N7 -> -47.933308 | T7: =$F$3*O7 -> 50.130543 | U7: =P7+Q7+R7+S7+T7 -> -6.306521 | V7: ='Data Asli'!D99 -> 5277.9 | W7: =U7+V7 -> 5271.5935
A8: 100 | B8: 2026-04-01 | C8: ='Data Asli'!B76 -> 20973.2 | D8: ='Data Asli'!B75 -> 20926.9 | E8: =C8-D8 -> 46.3 | F8: ='Data Asli'!B75 -> 20926.9 | G8: ='Data Asli'!B74 -> 20843.7 | H8: =F8-G8 -> 83.2 | I8: ='Data Asli'!B74 -> 20843.7 | J8: ='Data Asli'!B73 -> 20777.8 | K8: =I8-J8 -> 65.9 | L8: ='Data Asli'!C89 -> 5569.06 | M8: ='Data Asli'!C88 -> 5611.85 | N8: =L8-M8 -> -42.79 | O8: ='Fitted Value In-Sample'!Q72 -> 210.82575 | P8: =$B$3*E8 -> -7.6395 | Q8: =$C$3*H8 -> 15.335424 | R8: =$D$3*K8 -> -14.528314 | S8: =$E$3*N8 -> -5.9858931 | T8: =$F$3*O8 -> 74.961203 | U8: =P8+Q8+R8+S8+T8 -> 62.14292 | V8: =W7 -> 5271.5935 | W8: =U8+V8 -> 5333.7364
A9: 101 | B9: 2026-05-01 | C9: ='Data Asli'!B77 -> 20958.8 | D9: ='Data Asli'!B76 -> 20973.2 | E9: =C9-D9 -> -14.4 | F9: ='Data Asli'!B76 -> 20973.2 | G9: ='Data Asli'!B75 -> 20926.9 | H9: =F9-G9 -> 46.3 | I9: ='Data Asli'!B75 -> 20926.9 | J9: ='Data Asli'!B74 -> 20843.7 | K9: =I9-J9 -> 83.2 | L9: ='Data Asli'!C90 -> 5911.69 | M9: ='Data Asli'!C89 -> 5569.06 | N9: =L9-M9 -> 342.63 | O9: ='Fitted Value In-Sample'!Q73 -> 130.70391 | P9: =$B$3*E9 -> 2.376 | Q9: =$C$3*H9 -> 8.534016 | R9: =$D$3*K9 -> -18.342272 | S9: =$E$3*N9 -> 47.930511 | T9: =$F$3*O9 -> 46.473081 | U9: =P9+Q9+R9+S9+T9 -> 86.971336 | V9: =W8 -> 5333.7364 | W9: =U9+V9 -> 5420.7077
A10: 102 | B10: 2026-06-01 | C10: ='Data Asli'!B78 -> 21019.9 | D10: ='Data Asli'!B77 -> 20958.8 | E10: =C10-D10 -> 61.1 | F10: ='Data Asli'!B77 -> 20958.8 | G10: ='Data Asli'!B76 -> 20973.2 | H10: =F10-G10 -> -14.4 | I10: ='Data Asli'!B76 -> 20973.2 | J10: ='Data Asli'!B75 -> 20926.9 | K10: =I10-J10 -> 46.3 | L10: ='Data Asli'!C91 -> 6204.95 | M10: ='Data Asli'!C90 -> 5911.69 | N10: =L10-M10 -> 293.26 | O10: ='Fitted Value In-Sample'!Q74 -> 493.04614 | P10: =$B$3*E10 -> -10.0815 | Q10: =$C$3*H10 -> -2.654208 | R10: =$D$3*K10 -> -10.207298 | S10: =$E$3*N10 -> 41.024141 | T10: =$F$3*O10 -> 175.30748 | U10: =P10+Q10+R10+S10+T10 -> 193.38862 | V10: =W9 -> 5420.7077 | W10: =U10+V10 -> 5614.0964
A11: 103 | B11: 2026-07-01 | C11: ='Data Asli'!B79 -> 21067.7 | D11: ='Data Asli'!B78 -> 21019.9 | E11: =C11-D11 -> 47.8 | F11: ='Data Asli'!B78 -> 21019.9 | G11: ='Data Asli'!B77 -> 20958.8 | H11: =F11-G11 -> 61.1 | I11: ='Data Asli'!B77 -> 20958.8 | J11: ='Data Asli'!B76 -> 20973.2 | K11: =I11-J11 -> -14.4 | L11: ='Data Asli'!C92 -> 6339.39 | M11: ='Data Asli'!C91 -> 6204.95 | N11: =L11-M11 -> 134.44 | O11: ='Fitted Value In-Sample'!Q75 -> 320.11721 | P11: =$B$3*E11 -> -7.887 | Q11: =$C$3*H11 -> 11.261952 | R11: =$D$3*K11 -> 3.174624 | S11: =$E$3*N11 -> 18.806812 | T11: =$F$3*O11 -> 113.82088 | U11: =P11+Q11+R11+S11+T11 -> 139.17726 | V11: =W10 -> 5614.0964 | W11: =U11+V11 -> 5753.2736
A12: 104 | B12: 2026-08-01 | C12: ='Data Asli'!B80 -> 21094.4 | D12: ='Data Asli'!B79 -> 21067.7 | E12: =C12-D12 -> 26.7 | F12: ='Data Asli'!B79 -> 21067.7 | G12: ='Data Asli'!B78 -> 21019.9 | H12: =F12-G12 -> 47.8 | I12: ='Data Asli'!B78 -> 21019.9 | J12: ='Data Asli'!B77 -> 20958.8 | K12: =I12-J12 -> 61.1 | L12: ='Data Asli'!C93 -> 6460.26 | M12: ='Data Asli'!C92 -> 6339.39 | N12: =L12-M12 -> 120.87 | O12: 0 | P12: =$B$3*E12 -> -4.4055 | Q12: =$C$3*H12 -> 8.810496 | R12: =$D$3*K12 -> -13.470106 | S12: =$E$3*N12 -> 16.908504 | T12: =$F$3*O12 -> 0 | U12: =P12+Q12+R12+S12+T12 -> 7.8433943 | V12: =W11 -> 5753.2736 | W12: =U12+V12 -> 5761.117
A13: 105 | B13: 2026-09-01 | C13: ='Data Asli'!B81 -> 21185.8 | D13: ='Data Asli'!B80 -> 21094.4 | E13: =C13-D13 -> 91.4 | F13: ='Data Asli'!B80 -> 21094.4 | G13: ='Data Asli'!B79 -> 21067.7 | H13: =F13-G13 -> 26.7 | I13: ='Data Asli'!B79 -> 21067.7 | J13: ='Data Asli'!B78 -> 21019.9 | K13: =I13-J13 -> 47.8 | L13: ='Data Asli'!C94 -> 6688.46 | M13: ='Data Asli'!C93 -> 6460.26 | N13: =L13-M13 -> 228.2 | O13: 0 | P13: =$B$3*E13 -> -15.081 | Q13: =$C$3*H13 -> 4.921344 | R13: =$D$3*K13 -> -10.537988 | S13: =$E$3*N13 -> 31.922898 | T13: =$F$3*O13 -> 0 | U13: =P13+Q13+R13+S13+T13 -> 11.225254 | V13: =W12 -> 5761.117 | W13: =U13+V13 -> 5772.3423
A14: 106 | B14: 2026-10-01 | C14: ='Data Asli'!B82 -> 21268.6 | D14: ='Data Asli'!B81 -> 21185.8 | E14: =C14-D14 -> 82.8 | F14: ='Data Asli'!B81 -> 21185.8 | G14: ='Data Asli'!B80 -> 21094.4 | H14: =F14-G14 -> 91.4 | I14: ='Data Asli'!B80 -> 21094.4 | J14: ='Data Asli'!B79 -> 21067.7 | K14: =I14-J14 -> 26.7 | L14: ='Data Asli'!C95 -> 6840.2 | M14: ='Data Asli'!C94 -> 6688.46 | N14: =L14-M14 -> 151.74 | O14: 0 | P14: =$B$3*E14 -> -13.662 | Q14: =$C$3*H14 -> 16.846848 | R14: =$D$3*K14 -> -5.886282 | S14: =$E$3*N14 -> 21.226909 | T14: =$F$3*O14 -> 0 | U14: =P14+Q14+R14+S14+T14 -> 18.525475 | V14: =W13 -> 5772.3423 | W14: =U14+V14 -> 5790.8677
A15: 107 | B15: 2026-11-01 | C15: ='Data Asli'!B83 -> 21331 | D15: ='Data Asli'!B82 -> 21268.6 | E15: =C15-D15 -> 62.4 | F15: ='Data Asli'!B82 -> 21268.6 | G15: ='Data Asli'!B81 -> 21185.8 | H15: =F15-G15 -> 82.8 | I15: ='Data Asli'!B81 -> 21185.8 | J15: ='Data Asli'!B80 -> 21094.4 | K15: =I15-J15 -> 91.4 | L15: ='Data Asli'!C96 -> 6849.09 | M15: ='Data Asli'!C95 -> 6840.2 | N15: =L15-M15 -> 8.89 | O15: 0 | P15: =$B$3*E15 -> -10.296 | Q15: =$C$3*H15 -> 15.261696 | R15: =$D$3*K15 -> -20.150044 | S15: =$E$3*N15 -> 1.2436221 | T15: =$F$3*O15 -> 0 | U15: =P15+Q15+R15+S15+T15 -> -13.940726 | V15: =W14 -> 5790.8677 | W15: =U15+V15 -> 5776.927
A16: 108 | B16: 2026-12-01 | C16: ='Data Asli'!B84 -> 21451.6 | D16: ='Data Asli'!B83 -> 21331 | E16: =C16-D16 -> 120.6 | F16: ='Data Asli'!B83 -> 21331 | G16: ='Data Asli'!B82 -> 21268.6 | H16: =F16-G16 -> 62.4 | I16: ='Data Asli'!B82 -> 21268.6 | J16: ='Data Asli'!B81 -> 21185.8 | K16: =I16-J16 -> 82.8 | L16: ='Data Asli'!C97 -> 6845.5 | M16: ='Data Asli'!C96 -> 6849.09 | N16: =L16-M16 -> -3.59 | O16: 0 | P16: =$B$3*E16 -> -19.899 | Q16: =$C$3*H16 -> 11.501568 | R16: =$D$3*K16 -> -18.254088 | S16: =$E$3*N16 -> -0.5022051 | T16: =$F$3*O16 -> 0 | U16: =P16+Q16+R16+S16+T16 -> -27.153725 | V16: =W15 -> 5776.927 | W16: =U16+V16 -> 5749.7733
